UI_LOGIN_TIME,3.7682340145111084,Wed May  6 21:15:55 2026
UI_LOGIN_FLOW,4.135521411895752,Wed May  6 21:16:02 2026
API_LOGIN_GET_NOTES,1.374180793762207,Wed May  6 21:16:06 2026
API_RESPONSE_TIME,0.535944938659668,Wed May  6 21:16:08 2026
API_CRUD_FLOW,1.8533921241760254,Wed May  6 21:16:10 2026
UI_LOGIN_TIME,8.67077350616455,Wed May  6 21:31:00 2026
UI_LOGIN_FLOW,4.596765518188477,Wed May  6 21:31:08 2026
API_LOGIN_GET_NOTES,1.1809518337249756,Wed May  6 21:31:11 2026
API_RESPONSE_TIME,0.5652492046356201,Wed May  6 21:31:13 2026
API_CRUD_FLOW,1.6633355617523193,Wed May  6 21:31:15 2026
UI_LOGIN_TIME,7.692623853683472,Thu May  7 09:11:50 2026
UI_LOGIN_FLOW,6.3939714431762695,Thu May  7 09:11:59 2026
API_LOGIN_GET_NOTES,1.36177396774292,Thu May  7 09:12:03 2026
API_RESPONSE_TIME,0.802851676940918,Thu May  7 09:12:05 2026
API_CRUD_FLOW,3.0008528232574463,Thu May  7 09:12:08 2026
UI_LOGIN_TIME,7.449719429016113,Thu May  7 09:33:04 2026
UI_LOGIN_FLOW,7.064679384231567,Thu May  7 09:33:14 2026
API_LOGIN_GET_NOTES,1.903658151626587,Thu May  7 09:33:18 2026
API_RESPONSE_TIME,0.9863076210021973,Thu May  7 09:33:20 2026
API_CRUD_FLOW,3.1001081466674805,Thu May  7 09:33:24 2026
UI_LOGIN_TIME,7.67766261100769,Thu May  7 09:58:12 2026
UI_LOGIN_FLOW,6.477415323257446,Thu May  7 09:58:21 2026
API_LOGIN_GET_NOTES,1.8951537609100342,Thu May  7 09:58:26 2026
API_RESPONSE_TIME,0.9165003299713135,Thu May  7 09:58:28 2026
API_CRUD_FLOW,2.3959298133850098,Thu May  7 09:58:31 2026
UI_LOGIN_TIME,7.266677618026733,Thu May  7 10:07:50 2026
UI_LOGIN_FLOW,8.497742891311646,Thu May  7 10:08:01 2026
API_LOGIN_GET_NOTES,2.2203171253204346,Thu May  7 10:08:06 2026
API_RESPONSE_TIME,1.2162635326385498,Thu May  7 10:08:08 2026
API_CRUD_FLOW,2.258669853210449,Thu May  7 10:08:11 2026
UI_LOGIN_TIME,8.113527774810791,Thu May  7 10:09:52 2026
UI_LOGIN_FLOW,7.793754816055298,Thu May  7 10:10:03 2026
API_LOGIN_GET_NOTES,2.9854512214660645,Thu May  7 10:10:10 2026
API_RESPONSE_TIME,1.2949235439300537,Thu May  7 10:10:13 2026
API_CRUD_FLOW,3.146669626235962,Thu May  7 10:10:17 2026
UI_LOGIN_TIME,6.592050790786743,Thu May  7 10:13:24 2026
UI_LOGIN_FLOW,8.907597780227661,Thu May  7 10:13:36 2026
API_LOGIN_GET_NOTES,1.235731840133667,Thu May  7 10:13:40 2026
API_RESPONSE_TIME,0.8271901607513428,Thu May  7 10:13:41 2026
API_CRUD_FLOW,1.7605149745941162,Thu May  7 10:13:44 2026
